speaker;text
Therapist;"Good afternoon. How are you today?"
Client;"You just keep functioning and somehow it works out."
Therapist;"I wonder whether an old pattern is repeating there."
Client;"I should have said something there, but I just didn't. That's why I'm so tired, I think. Because I'm always on guard. My mother called, it was the same as ever, exhausting really."
Therapist;"How is it to say it out loud?"
Client;"You just keep functioning and somehow it works out. It was okay, nothing terrible, just how it goes."
Therapist;"Mhm."
Client;"You just get on with it, you don't really think about it."
Therapist;"I hear a tiredness in that which is older than this week."
Client;"My boss had that tone again, but okay, that's normal. Mark said I should take a holiday. As if that would fix anything."
Therapist;"Where in your body do you feel that?"
Client;"So I just went home and watched telly the whole evening. It's just too much, all at once, constantly. I don't know, it was fine, kind of, just a bit off in places."
Therapist;"I hear a tiredness in that which is older than this week."
Client;"So I just said nothing, like always."
Client;"When my father died I was fifteen, and I didn't cry. I just kept functioning and everyone said how brave I was. I don't think I've cried properly since, and that frightens me, if I'm honest. It's as if there's a door shut somewhere."
Therapist;"It occurs to me — have you sent off the application yet?"
Client;"Yeah. Um. Sleep is okay, I think."
Client;"It was just a strange week, I guess, hard to say really. You don't want to be a burden to anyone."
Therapist;"That's brave, saying it here."
Client;"So I just went home and watched telly the whole evening."
Therapist;"What does it do to you to say that here, now?"
Client;"I was told to stop making such a fuss about it. It was okay, nothing terrible, just how it goes."
Therapist;"Were you on your own?"
Client;"My mother called, it was the same as ever, exhausting really. So I just said nothing, like always."
Therapist;"How is it to say it out loud?"
Client;"Mark said I should take a holiday. As if that would fix anything."
Therapist;"Right."
Client;"You don't want to be a burden to anyone. It was just a strange week, I guess, hard to say really."
Therapist;"You call that functioning. What would the opposite be?"
Client;"So I just went home and watched telly the whole evening. My boss had that tone again, but okay, that's normal."
Therapist;"That reminds me of what you said about your father."
Client;"I was told to stop making such a fuss about it. It was just a strange week, I guess, hard to say really."
Therapist;"Mhm, yes."
Client;"I noticed this week that I was really angry, properly furious."
Therapist;"Thank you for telling me that."
Client;"I noticed this week that I was really angry, properly furious. That probably has to do with the fact that I used to do it that way too. So I just said nothing, like always."
Therapist;"You're describing a tightness. Where exactly do you feel it?"
Client;"I felt bad, but don't ask me why, I have no idea. Mark said I should take a holiday. As if that would fix anything."
Therapist;"You call that functioning. What would the opposite be?"
Therapist;"Let's stop there for today. See you next week."
Client;"Yes. Thank you. See you next week."